Date,Open,High,Low,Close
2006-05-22,0.990651,0.993865,0.976475,0.978319
2006-05-29,0.979584,0.994339,0.973813,0.98787
2006-06-05,0.987975,0.990282,0.969579,0.971797
2006-06-12,0.970952,0.974964,0.916322,0.924823
2006-06-19,0.924823,0.926623,0.903277,0.905918
2006-06-26,0.906466,0.922557,0.902061,0.922058
2006-07-03,0.921061,0.92598,0.915241,0.924731
2006-07-10,0.924631,0.925031,0.915569,0.91887
2006-07-17,0.91887,0.91987,0.877858,0.895147
2006-07-24,0.895147,0.92088,0.885419,0.918464
2006-07-31,0.918464,0.93979,0.917922,0.937432
2006-08-07,0.937432,0.940527,0.921353,0.923209
2006-08-14,0.923209,0.926725,0.907555,0.909489
2006-08-21,0.909489,0.939241,0.908812,0.933011
2006-08-28,0.933011,0.941162,0.932517,0.939585
2006-09-04,0.939585,0.940571,0.909913,0.911036
2006-09-11,0.911036,0.916946,0.90642,0.911071
2006-09-18,0.911071,0.927558,0.90768,0.924833
2006-09-25,0.924833,0.927996,0.897944,0.902281
2006-10-02,0.902281,0.970503,0.899968,0.961406
2006-10-09,0.961406,0.961766,0.872719,0.874935
2006-10-16,0.874935,0.894973,0.873049,0.893692
2006-10-23,0.893692,0.899756,0.886099,0.898004
2006-10-30,0.898004,0.919828,0.897388,0.913579
2006-11-06,0.913579,0.919299,0.907058,0.913369
2006-11-13,0.913369,0.915615,0.904572,0.911941
2006-11-20,0.911941,0.914732,0.885194,0.900535
2006-11-27,0.900535,0.95298,0.900162,0.950483
2006-12-04,0.950483,0.965976,0.944817,0.955797
2006-12-11,0.955797,0.989083,0.952567,0.978404
2006-12-18,0.978404,0.992321,0.974293,0.984482
2006-12-25,0.985588,0.991977,0.980563,0.982092
2007-01-01,0.982092,0.990168,0.956813,0.958651
2007-01-08,0.958651,0.970073,0.955676,0.968935
2007-01-15,0.968935,0.974971,0.928392,0.934739
2007-01-22,0.934739,0.943311,0.928377,0.929943
2007-01-29,0.929943,0.935023,0.897773,0.906483
2007-02-05,0.906483,0.915455,0.900308,0.904785
2007-02-12,0.904785,0.907707,0.881492,0.883576
2007-02-19,0.88557,0.88741,0.87874,0.886506
2007-02-26,0.886506,0.888403,0.875704,0.87647
2007-03-05,0.87647,0.887592,0.865418,0.885804
2007-03-12,0.885804,0.916675,0.882641,0.912398
2007-03-19,0.912257,0.926807,0.910988,0.92178
2007-03-26,0.92178,0.926572,0.912268,0.918429
2007-04-02,0.918476,0.93977,0.917729,0.933687
2007-04-09,0.933687,0.94282,0.931025,0.941825
2007-04-16,0.941208,0.966242,0.941114,0.961587
2007-04-23,0.962403,0.962882,0.915832,0.921318
2007-04-30,0.921318,0.925467,0.901779,0.905824
2007-05-07,0.905824,0.931263,0.903415,0.922927
2007-05-14,0.922927,0.959143,0.919527,0.953158
2007-05-21,0.953158,0.954027,0.908744,0.914644
2007-05-28,0.914644,0.943767,0.912201,0.943434
2007-06-04,0.943434,0.950287,0.923178,0.925907
2007-06-11,0.925907,0.938936,0.924495,0.937465
2007-06-18,0.937465,0.953717,0.937465,0.95324
2007-06-25,0.95324,0.954671,0.936417,0.943654
2007-07-02,0.943654,1.168272,0.943137,1.162722
2007-07-09,1.163069,1.172492,0.949444,0.953946
2007-07-16,0.953618,0.96225,0.953149,0.960614
2007-07-23,0.960941,0.977317,0.959316,0.959458
2007-07-30,0.958415,0.98101,0.955999,0.978709
2007-08-06,0.977894,0.981058,0.959763,0.963239
2007-08-13,0.962716,0.964763,0.945998,0.953989
2007-08-20,0.953749,0.95837,0.937057,0.952769
2007-08-27,0.9531,0.983472,0.946475,0.980021
2007-09-03,0.980604,1.001712,0.975695,0.999741
2007-09-10,0.999396,1.002304,0.966703,0.966944
2007-09-17,0.966149,1.128619,0.957932,1.127955
2007-09-24,1.128373,1.150067,1.121422,1.149645
2007-10-01,1.149477,1.151556,1.113672,1.12151
2007-10-08,1.12129,1.121839,1.045755,1.050429
2007-10-15,1.051173,1.10325,1.048286,1.102589
2007-10-22,1.104067,1.134804,1.088936,1.132355
2007-10-29,1.133513,1.141953,1.103401,1.115844
2007-11-05,1.115631,1.142971,1.10981,1.129457
2007-11-12,1.12627,1.145191,1.108554,1.127462
2007-11-19,1.128544,1.158906,1.1236,1.150199
2007-11-26,1.149808,1.16918,1.149808,1.15383
2007-12-03,1.153045,1.160565,1.122497,1.130017
2007-12-10,1.129205,1.141392,1.05561,1.056967
2007-12-17,1.055552,1.152439,1.053246,1.131018
2007-12-24,1.131725,1.132319,1.0437,1.052333
2007-12-31,0.966781,0.974332,0.908901,0.910841
2008-01-07,0.911881,0.965005,0.907908,0.955327
2008-01-14,0.955947,1.001151,0.953285,0.988556
2008-01-21,0.990149,1.081685,0.978135,1.079941
2008-01-28,1.081195,1.086083,0.961293,0.961763
2008-02-04,0.961371,1.013715,0.958955,1.003095
2008-02-11,1.003069,1.01222,0.997895,1.000768
2008-02-18,0.998992,1.024337,0.992964,1.022414
2008-02-25,1.022414,1.033012,0.998015,1.003434
2008-03-03,1.003434,1.137562,1.000298,1.133538
2008-03-10,1.133538,1.137787,1.0178,1.026148
2008-03-17,1.026148,1.084449,1.01209,1.066627
2008-03-24,1.066627,1.079832,1.028342,1.03129
2008-03-31,1.03129,1.066486,1.020454,1.060124
2008-04-07,1.060124,1.06139,1.014261,1.017874
2008-04-14,1.017874,1.05583,1.011706,1.053085
2008-04-21,1.053085,1.057293,1.005757,1.013455
2008-04-28,1.013455,1.020519,0.953877,0.959151
2008-05-05,0.959151,1.048286,0.954446,1.036894
2008-05-12,1.036894,1.042752,0.979538,0.989205
2008-05-19,0.989205,0.997537,0.964026,0.973237
2008-05-26,0.973237,0.975522,0.94739,0.953886
2008-06-02,0.953886,1.030756,0.943687,1.028928
2008-06-09,1.028928,1.034235,0.950789,0.953889
2008-06-16,0.953889,0.965063,0.878396,0.891357
2008-06-23,0.891357,0.960545,0.883235,0.960261
2008-06-30,0.960261,0.963237,0.922815,0.924022
2008-07-07,0.924022,0.960965,0.916031,0.956589
2008-07-14,0.956589,0.970325,0.929788,0.933207
2008-07-21,0.933207,0.95778,0.929372,0.951741
2008-07-28,0.951741,0.954844,0.944397,0.944737
2008-08-04,0.944737,0.971984,0.934395,0.952331
2008-08-11,0.952331,0.955118,0.877039,0.882516
2008-08-18,0.882516,0.914452,0.878219,0.900584
2008-08-25,0.900584,0.904511,0.871397,0.873986
2008-09-01,0.873986,0.902458,0.852601,0.891391
2008-09-08,0.891391,0.908315,0.82174,0.845084
2008-09-15,0.845084,1.020678,0.835197,1.018785
2008-09-22,1.018785,1.034789,0.973329,0.979311
2008-09-29,0.979311,1.037764,0.944148,1.030542
2008-10-06,1.030542,1.03416,0.982335,0.998261
2008-10-13,0.998261,1.287402,0.991062,1.265562
2008-10-20,1.265562,1.281221,1.158575,1.207512
2008-10-27,1.207512,1.211498,1.004866,1.019378
2008-11-03,1.019378,1.038264,0.879788,0.887679
2008-11-10,0.887679,0.899773,0.728881,0.740872
2008-11-17,0.740872,0.856783,0.732986,0.835176
2008-11-24,0.835176,0.87279,0.806056,0.818231
2008-12-01,0.818231,0.847579,0.784846,0.836398
2008-12-08,0.836398,0.854083,0.722719,0.733053
2008-12-15,0.733053,0.767395,0.692768,0.697726
2008-12-22,0.697726,0.736204,0.686206,0.728488
2008-12-29,0.728488,0.788649,0.71489,0.777859
2009-01-05,0.777859,0.867238,0.77413,0.855539
2009-01-12,0.855539,0.94923,0.816256,0.934352
2009-01-19,0.934352,0.944712,0.731179,0.747588
2009-01-26,0.747588,0.771313,0.697251,0.717993
2009-02-02,0.717993,0.717993,0.679255,0.70216
2009-02-09,0.70216,0.724834,0.685453,0.714724
2009-02-16,0.714724,0.714724,0.624232,0.638973
2009-02-23,0.638973,0.680029,0.636271,0.666426
2009-03-02,0.666426,0.666426,0.618865,0.622812
2009-03-09,0.622812,0.688853,0.605813,0.684285
2009-03-16,0.684285,0.696657,0.585009,0.610258
2009-03-23,0.610258,0.650406,0.610258,0.631335
2009-03-30,0.631335,0.68146,0.622947,0.680441
2009-04-06,0.680441,0.763209,0.669232,0.756759
2009-04-13,0.756759,0.771693,0.676334,0.677539
2009-04-20,0.677539,0.711194,0.663165,0.705571
2009-04-27,0.705571,0.774678,0.698779,0.772683
2009-05-04,0.772683,0.805328,0.768704,0.805238
2009-05-11,0.805238,0.81148,0.743209,0.74848
2009-05-18,0.74848,0.814308,0.746056,0.812306
2009-05-25,0.812306,0.829181,0.805693,0.827323
2009-06-01,0.827323,0.89136,0.827231,0.854567
2009-06-08,0.854567,0.885645,0.845318,0.875256
2009-06-15,0.875256,0.896709,0.863619,0.893147
2009-06-22,0.893147,0.908955,0.877575,0.904663
2009-06-29,0.904663,0.941735,0.899084,0.929059
2009-07-06,0.929059,0.967981,0.916166,0.957704
2009-07-13,0.957704,0.965865,0.9399,0.944361
2009-07-20,0.944361,0.99094,0.942893,0.981494
2009-07-27,0.981494,1.033823,0.978752,1.031969
2009-08-03,1.031969,1.064645,1.03145,1.042163
2009-08-10,1.042163,1.044399,0.890815,0.898397
2009-08-17,0.898397,0.901544,0.882873,0.888906
2009-08-24,0.888906,0.892104,0.863902,0.870288
2009-08-31,0.870288,0.879525,0.861731,0.878539
2009-09-07,0.878539,0.893724,0.874643,0.889961
2009-09-14,0.889961,0.890788,0.863646,0.863742
2009-09-21,0.863237,0.8724,0.827305,0.828215
2009-09-28,0.829847,0.859187,0.819742,0.847982
2009-10-05,0.847982,0.854989,0.828655,0.829488
2009-10-12,0.829488,0.848471,0.822445,0.846262
2009-10-19,0.846262,0.878753,0.840224,0.858382
2009-10-26,0.858382,0.910833,0.855461,0.900306
2009-11-02,0.900306,0.9173,0.892023,0.915784
2009-11-09,0.915784,0.928708,0.910174,0.920017
2009-11-16,0.920017,0.930196,0.883206,0.885991
2009-11-23,0.885991,0.897236,0.871802,0.882507
2009-11-30,0.882507,0.914577,0.877648,0.899504
2009-12-07,0.899504,0.903311,0.889074,0.893799
2009-12-14,0.893799,0.898333,0.869727,0.874446
2009-12-21,0.874446,0.87585,0.853867,0.854816
2009-12-28,0.854816,1.034506,0.848675,1.029887
2010-01-04,1.029887,1.034844,1.012541,1.020796
2010-01-11,1.020796,1.034073,1.020183,1.027864
2010-01-18,1.027864,1.06884,1.027358,1.052747
2010-01-25,1.052747,1.08318,1.050338,1.063667
2010-02-01,1.063667,1.072551,1.038398,1.043111
2010-02-08,1.043111,1.051106,1.015527,1.022824
2010-02-15,1.022824,1.030884,0.997601,1.004779
2010-02-22,1.004779,1.012692,0.98418,0.990507
2010-03-01,0.990507,0.990507,0.960212,0.98758
2010-03-08,0.98758,1.000346,0.973926,0.998275
2010-03-15,0.998275,1.003166,0.970197,0.972171
2010-03-22,0.972171,0.980259,0.963999,0.97069
2010-03-29,0.97069,1.002008,0.97011,0.995811
2010-04-05,0.995811,1.005266,0.988696,1.004391
2010-04-12,1.004391,1.011392,0.984648,0.986199
2010-04-19,0.986199,0.991708,0.973428,0.985587
2010-04-26,0.985587,0.993265,0.971298,0.982562
2010-05-03,0.982562,0.984245,0.929957,0.952037
2010-05-10,0.952037,0.967128,0.928714,0.931341
2010-05-17,0.931341,0.93193,0.910221,0.926625
2010-05-24,0.926625,0.945858,0.912262,0.935552
2010-05-31,0.935552,0.954155,0.933021,0.934969
2010-06-07,0.934969,0.952466,0.926765,0.938107
2010-06-14,0.938107,0.957461,0.937703,0.949196
2010-06-21,0.949196,0.968206,0.940405,0.968077
2010-06-28,0.968077,0.980766,0.95789,0.978692
2010-07-05,0.978692,0.980657,0.966924,0.967592
2010-07-12,0.967592,0.989029,0.960364,0.977938
2010-07-19,0.977938,0.999295,0.968663,0.997878
2010-07-26,0.997878,1.020938,0.996682,1.018827
2010-08-02,1.018827,1.036965,1.018827,1.033347
2010-08-09,1.033347,1.035263,1.004805,1.006684
2010-08-16,1.006684,1.01483,1.000237,1.004739
2010-08-23,1.004739,1.010354,0.99213,1.000124
2010-08-30,1.000124,1.004166,0.9873,0.995636
2010-09-06,0.995636,1.000213,0.984744,0.988623
2010-09-13,0.988623,1.007147,0.988314,1.00027
2010-09-20,1.00027,1.006115,0.990766,1.005055
2010-09-27,1.005055,1.01573,0.998203,1.010053
2010-10-04,1.010053,1.016164,1.003627,1.011758
2010-10-11,1.011758,1.017819,0.996808,1.010059
2010-10-18,1.010059,1.011329,0.990786,0.993848
2010-10-25,0.993848,1.021562,0.992301,1.020543
2010-11-01,1.020543,1.03687,1.016747,1.029649
2010-11-08,1.029649,1.031405,1.00908,1.020188
2010-11-15,1.020188,1.021307,0.99536,1.003685
2010-11-22,1.003685,1.009806,0.977242,0.978246
2010-11-29,0.978246,0.988435,0.971186,0.987402
2010-12-06,0.987402,0.99062,0.967396,0.976151
2010-12-13,0.976151,0.982406,0.955463,0.959401
2010-12-20,0.959401,0.963018,0.935871,0.941064
2010-12-27,0.941064,0.965197,0.935164,0.960896
2011-01-03,0.960896,0.963989,0.941773,0.950546
2011-01-10,0.950546,0.956072,0.934212,0.951556
2011-01-17,0.951556,0.970286,0.951556,0.968198
2011-01-24,0.968198,0.969003,0.941861,0.947409
2011-01-31,0.947409,0.965453,0.94499,0.949449
2011-02-07,0.949449,0.954628,0.932756,0.934872
2011-02-14,0.934872,0.946152,0.93006,0.944296
2011-02-21,0.944296,0.945873,0.920587,0.925399
2011-02-28,0.925399,0.950612,0.922924,0.946401
2011-03-07,0.946401,0.950479,0.915706,0.922016
2011-03-14,0.922016,0.928435,0.906597,0.920512
2011-03-21,0.920512,0.930377,0.901724,0.902378
2011-03-28,0.902378,0.90369,0.892055,0.900254
2011-04-04,0.900254,0.910201,0.897913,0.90464
2011-04-11,0.90464,0.907247,0.888912,0.892071
2011-04-18,0.892071,0.897939,0.882138,0.893346
2011-04-25,0.893346,0.90296,0.886185,0.900674
2011-05-02,0.900674,0.902545,0.872459,0.87479
2011-05-09,0.87479,0.876044,0.853635,0.855824
2011-05-16,0.855824,0.861946,0.846143,0.853388
2011-05-23,0.853388,0.861091,0.841376,0.859568
2011-05-30,0.859568,0.863016,0.844453,0.851831
2011-06-06,0.851831,0.854128,0.833965,0.834619
2011-06-13,0.834619,0.845719,0.821616,0.826766
2011-06-20,0.826766,0.830548,0.797277,0.798528
2011-06-27,0.798528,0.802565,0.795083,0.799848
2011-07-04,0.799848,0.803557,0.792399,0.797989
2011-07-11,0.797989,0.799096,0.784653,0.79583
2011-07-18,0.79583,0.815432,0.78975,0.813476
2011-07-25,0.813476,0.826346,0.811519,0.823767
2011-08-01,0.823767,0.826557,0.813969,0.822628
2011-08-08,0.822628,0.82708,0.811907,0.821174
2011-08-15,0.821174,0.842604,0.819974,0.835216
2011-08-22,0.835216,0.840322,0.82164,0.828717
2011-08-29,0.828717,0.834146,0.820115,0.82466
2011-09-05,0.82466,0.82466,0.809398,0.811089
2011-09-12,0.811089,0.811544,0.800291,0.804663
2011-09-19,0.804663,0.811552,0.789937,0.797498
2011-09-26,0.797498,0.809413,0.795308,0.802844
2011-10-03,0.802844,0.802844,0.78252,0.797365
2011-10-10,0.797365,0.822761,0.795643,0.820737
2011-10-17,0.820737,0.848034,0.811291,0.847773
2011-10-24,0.847773,0.878446,0.844168,0.877037
2011-10-31,0.877037,0.897894,0.864176,0.895507
2011-11-07,0.895507,0.915394,0.893193,0.912998
2011-11-14,0.912998,0.924218,0.897189,0.918354
2011-11-21,0.918354,0.926731,0.906418,0.91469
2011-11-28,0.91469,0.954644,0.91469,0.943785
2011-12-05,0.943785,0.964397,0.941426,0.95797
2011-12-12,0.95797,0.95797,0.932648,0.940941
2011-12-19,0.940941,0.950347,0.936074,0.936332
2011-12-26,0.936332,0.943392,0.893755,0.902135
2012-01-02,0.902135,0.91813,0.897632,0.903833
2012-01-09,0.903833,0.928873,0.902122,0.9179
2012-01-16,0.9179,0.926866,0.911919,0.926593
2012-01-23,0.926593,0.950916,0.923296,0.95007
2012-01-30,0.95007,0.973479,0.945684,0.969035
2012-02-06,0.969035,0.981293,0.964114,0.970401
2012-02-13,0.970401,0.983812,0.963784,0.98161
2012-02-20,0.98161,0.994357,0.978267,0.992869
2012-02-27,0.992869,1.02726,0.988134,1.016783
2012-03-05,1.016783,1.042221,1.008272,1.031472
2012-03-12,1.031472,1.057076,1.027009,1.055656
2012-03-19,1.055656,1.067987,1.054403,1.064077
2012-03-26,1.064077,1.089314,1.059811,1.087161
2012-04-02,1.087161,1.099401,1.07939,1.096038
2012-04-09,1.096038,1.11239,1.091935,1.102522
2012-04-16,1.102522,1.136617,1.100824,1.134358
2012-04-23,1.134358,1.167107,1.131521,1.165659
2012-04-30,1.165659,1.178982,1.160382,1.172296
2012-05-07,1.172296,1.17795,1.169193,1.16936
2012-05-14,1.16936,1.173663,1.151852,1.157819
2012-05-21,1.157819,1.160404,1.139278,1.140889
2012-05-28,1.140889,1.146725,1.119243,1.125481
2012-06-04,1.125481,1.140324,1.123113,1.130463
2012-06-11,1.130463,1.140195,1.121987,1.139274
2012-06-18,1.139274,1.142646,1.12647,1.128382
2012-06-25,1.128382,1.156962,1.125145,1.155571
2012-07-02,1.155571,1.157522,1.137672,1.139599
2012-07-09,1.139599,1.153548,1.138363,1.152704
2012-07-16,1.152704,1.178423,1.148832,1.169684
2012-07-23,1.169684,1.207298,1.159553,1.204971
2012-07-30,1.204971,1.210445,1.195001,1.206665
2012-08-06,1.206665,1.216833,1.199336,1.2156
2012-08-13,1.2156,1.238709,1.213368,1.234326
2012-08-20,1.234326,1.268418,1.233453,1.260176
2012-08-27,1.260176,1.278587,1.255744,1.275796
2012-09-03,1.275796,1.29964,1.274943,1.297297
2012-09-10,1.297297,1.324101,1.293577,1.320794
2012-09-17,1.320794,1.339988,1.320435,1.3333
2012-09-24,1.3333,1.356164,1.329496,1.346971
2012-10-01,1.346971,1.358349,1.342554,1.350903
2012-10-08,1.350903,1.355301,1.33818,1.353204
2012-10-15,1.353204,1.358247,1.340729,1.3414
2012-10-22,1.3414,1.366373,1.333739,1.362869
2012-10-29,1.362869,1.387277,1.354803,1.374086
2012-11-05,1.374086,1.37563,1.36091,1.361552
2012-11-12,1.361552,1.363308,1.333481,1.338563
2012-11-19,1.338563,1.35522,1.338411,1.353101
2012-11-26,1.353101,1.367183,1.350577,1.362647
2012-12-03,1.362647,1.373005,1.357081,1.360413
2012-12-10,1.360413,1.367274,1.338969,1.345962
2012-12-17,1.345962,1.354499,1.341666,1.343086
2012-12-24,1.343086,1.346135,1.326848,1.335272
2012-12-31,1.37074,1.380203,1.352071,1.356986
2013-01-07,1.356986,1.362147,1.344139,1.355452
2013-01-14,1.355452,1.357772,1.316712,1.317534
2013-01-21,1.317534,1.319992,1.272765,1.277065
2013-01-28,1.277065,1.282173,1.266798,1.267388
2013-02-04,1.267,1.276429,1.259261,1.272183
2013-02-11,1.272779,1.273617,1.220485,1.224637
2013-02-18,1.22384,1.224171,1.186848,1.190205
2013-02-25,1.182613,1.193766,1.171902,1.176242
2013-03-04,1.176336,1.188622,1.158302,1.16073
2013-03-11,1.160769,1.167832,1.146009,1.16303
2013-03-18,1.163184,1.16537,1.136026,1.151192
2013-03-25,1.151517,1.15377,1.143768,1.151967
2013-04-01,1.151012,1.158746,1.133834,1.157147
2013-04-08,1.154273,1.158419,1.149363,1.153052
2013-04-15,1.15297,1.156427,1.120602,1.121684
2013-04-22,1.121677,1.132772,1.1129,1.13096
2013-04-29,1.131771,1.139818,1.130484,1.136897
2013-05-06,1.136897,1.139175,1.114802,1.118522
2013-05-13,1.117561,1.119978,1.093163,1.093971
2013-05-20,1.095248,1.102077,1.072653,1.080462
2013-05-27,1.08109,1.091747,1.073574,1.088495
2013-06-03,1.089183,1.117555,1.088337,1.108307
2013-06-10,1.105556,1.11782,1.104088,1.115043
2013-06-17,1.117188,1.118801,1.075034,1.078468
2013-06-24,1.075342,1.0827,1.058036,1.061029
2013-07-01,1.060422,1.063841,1.031656,1.033558
2013-07-08,1.032704,1.053942,1.027846,1.045391
2013-07-15,1.045391,1.050245,1.033633,1.046143
2013-07-22,1.046335,1.055081,1.036202,1.044186
2013-07-29,1.043955,1.046413,1.028194,1.04068
2013-08-05,1.040708,1.056608,1.031547,1.051934
2013-08-12,1.0504,1.052985,1.027673,1.040907
2013-08-19,1.040247,1.047063,1.035151,1.036884
2013-08-26,1.036757,1.040028,1.028589,1.033197
2013-09-02,1.03533,1.041199,1.03266,1.037414
2013-09-09,1.036664,1.049745,1.036664,1.048919
2013-09-16,1.052553,1.054913,1.034067,1.041393
2013-09-23,1.041231,1.045785,1.001344,1.011183
2013-09-30,1.011427,1.018953,0.997787,0.997955
2013-10-07,0.99861,1.005212,0.989353,0.991498
2013-10-14,0.992891,0.995856,0.973609,0.990197
2013-10-21,0.990362,0.995268,0.980878,0.983531
2013-10-28,0.983409,0.986287,0.967105,0.967792
2013-11-04,0.96812,0.977649,0.966795,0.971517
2013-11-11,0.970546,0.971832,0.949432,0.963567
2013-11-18,0.963735,0.970103,0.960249,0.969936
2013-11-25,0.969906,0.974844,0.963724,0.973517
2013-12-02,0.973714,0.978301,0.967489,0.970571
2013-12-09,0.970589,0.977828,0.950872,0.952685
2013-12-16,0.95241,0.960475,0.947424,0.951246
2013-12-23,0.951753,0.95996,0.945142,0.95392
2013-12-30,0.95392,0.969732,0.953115,0.958553
2014-01-06,0.957397,0.963584,0.954161,0.961542
2014-01-13,0.961431,0.96307,0.941961,0.948216
2014-01-20,0.948262,0.956416,0.943896,0.94548
2014-01-27,0.946794,0.953954,0.941749,0.942133
2014-02-03,0.941222,0.942535,0.930356,0.938995
2014-02-10,0.938543,0.956574,0.937729,0.955837
2014-02-17,0.957128,0.960387,0.943634,0.943833
2014-02-24,0.944401,0.950213,0.941506,0.948328
2014-03-03,0.946946,0.949184,0.939754,0.942772
2014-03-10,0.943703,0.944555,0.934381,0.93856
2014-03-17,0.938081,0.939902,0.920921,0.921401
2014-03-24,0.92006,0.928913,0.92006,0.927993
2014-03-31,0.929109,0.930743,0.92118,0.922405
2014-04-07,0.922533,0.934523,0.922026,0.929345
2014-04-14,0.928556,0.930595,0.920271,0.923788
2014-04-21,0.923788,0.926854,0.919932,0.921842
2014-04-28,0.922111,0.928648,0.92075,0.926013
2014-05-05,0.926337,0.932852,0.922255,0.922989
2014-05-12,0.922863,0.926162,0.909828,0.914015
2014-05-19,0.914358,0.922386,0.913661,0.917224
2014-05-26,0.917606,0.920244,0.911177,0.914419
2014-06-02,0.915259,0.917722,0.909686,0.914922
2014-06-09,0.915183,0.923421,0.909612,0.921829
2014-06-16,0.922324,0.924459,0.914586,0.919705
2014-06-23,0.919311,0.921869,0.916495,0.920642
2014-06-30,0.920463,0.928059,0.919544,0.925717
2014-07-07,0.926187,0.926187,0.921049,0.922331
2014-07-14,0.922347,0.926302,0.91537,0.917718
2014-07-21,0.917804,0.918766,0.908953,0.909521
2014-07-28,0.909848,0.911091,0.901937,0.90242
2014-08-04,0.902608,0.906057,0.898897,0.899117
2014-08-11,0.899471,0.901546,0.888774,0.890444
2014-08-18,0.892658,0.893048,0.886303,0.886649
2014-08-25,0.885482,0.889139,0.884941,0.888144
2014-09-01,0.887989,0.890761,0.871052,0.873407
2014-09-08,0.864696,0.868756,0.85673,0.868099
2014-09-15,0.868478,0.876569,0.861812,0.863838
2014-09-22,0.864347,0.870782,0.859593,0.859704
2014-09-29,0.859535,0.862296,0.846363,0.846809
2014-10-06,0.846528,0.860116,0.846485,0.8519
2014-10-13,0.852,0.854815,0.83836,0.849572
2014-10-20,0.850374,0.854721,0.843181,0.848036
2014-10-27,0.847598,0.853097,0.839446,0.842227
2014-11-03,0.840431,0.843861,0.831626,0.835855
2014-11-10,0.836514,0.839795,0.820954,0.824845
2014-11-17,0.825645,0.828493,0.820616,0.823954
2014-11-24,0.823038,0.834467,0.822664,0.825292
2014-12-01,0.825113,0.831208,0.821039,0.821851
2014-12-08,0.821092,0.830497,0.819636,0.828315
2014-12-15,0.828731,0.83203,0.817545,0.821817
2014-12-22,0.821817,0.824132,0.814315,0.816988
2014-12-29,0.81724,0.818606,0.764489,0.764529
2015-01-05,0.763341,0.764214,0.750011,0.756112
2015-01-12,0.75707,0.759038,0.74936,0.752208
2015-01-19,0.751676,0.756908,0.743912,0.745867
2015-01-26,0.746882,0.759364,0.745678,0.750922
2015-02-02,0.753292,0.765907,0.747858,0.760026
2015-02-09,0.759567,0.769042,0.75813,0.766957
2015-02-16,0.769057,0.77397,0.763517,0.76993
2015-02-23,0.76958,0.779348,0.766581,0.773264
2015-03-02,0.772503,0.773149,0.752593,0.752593
2015-03-09,0.753084,0.7584,0.736183,0.737576
2015-03-16,0.73738,0.762933,0.73623,0.752233
2015-03-23,0.753103,0.756994,0.746488,0.750713
2015-03-30,0.751476,0.754341,0.743974,0.752867
2015-04-06,0.752827,0.756184,0.735935,0.73816
2015-04-13,0.737625,0.765404,0.734855,0.760614
2015-04-20,0.760355,0.771321,0.755387,0.771219
2015-04-27,0.770691,0.790022,0.767227,0.771473
2015-05-04,0.772003,0.791042,0.769133,0.7867
2015-05-11,0.786899,0.800623,0.784448,0.79604
2015-05-18,0.796547,0.806889,0.781967,0.795582
2015-05-25,0.794971,0.797006,0.78608,0.788835
2015-06-01,0.788896,0.796235,0.782674,0.786974
2015-06-08,0.786711,0.803626,0.78488,0.801267
2015-06-15,0.800762,0.818706,0.797923,0.815684
2015-06-22,0.815524,0.817667,0.803857,0.807966
2015-06-29,0.804965,0.810174,0.801095,0.801435
2015-07-06,0.800518,0.804839,0.789356,0.798727
2015-07-13,0.798006,0.808745,0.795576,0.804721
2015-07-20,0.804721,0.807366,0.796851,0.798855
2015-07-27,0.799221,0.811107,0.798082,0.807276
2015-08-03,0.807943,0.809005,0.797271,0.800709
2015-08-10,0.800693,0.809089,0.799013,0.808211
2015-08-17,0.808448,0.814947,0.803985,0.813143
2015-08-24,0.812511,0.819928,0.797017,0.799626
2015-08-31,0.800842,0.802302,0.787963,0.788203
2015-09-07,0.788597,0.802498,0.78841,0.799978
2015-09-14,0.799911,0.807529,0.790573,0.800531
2015-09-21,0.800464,0.802826,0.779116,0.781031
2015-09-28,0.781391,0.786806,0.778802,0.783444
2015-10-05,0.784234,0.793857,0.781601,0.789894
2015-10-12,0.789858,0.794619,0.781149,0.79075
2015-10-19,0.790791,0.79515,0.784828,0.784884
2015-10-26,0.785197,0.795439,0.783648,0.793053
2015-11-02,0.794375,0.796946,0.772584,0.773504
2015-11-09,0.773668,0.784502,0.773242,0.782544
2015-11-16,0.782421,0.788108,0.778803,0.780404
2015-11-23,0.780147,0.78098,0.77361,0.77415
2015-11-30,0.774315,0.780924,0.767324,0.778143
2015-12-07,0.777839,0.783273,0.770513,0.782153
2015-12-14,0.782749,0.78278,0.766203,0.767296
2015-12-21,0.76795,0.769517,0.76272,0.768135
2015-12-28,0.767146,0.829599,0.761006,0.823367
2016-01-04,0.823356,0.828006,0.81096,0.81153
2016-01-11,0.811832,0.816444,0.795829,0.795869
2016-01-18,0.795801,0.804557,0.788676,0.798944
2016-01-25,0.798899,0.80849,0.793676,0.798915
2016-02-01,0.799269,0.822618,0.798096,0.81304
2016-02-08,0.812036,0.817157,0.804757,0.812684
2016-02-15,0.812684,0.814764,0.797036,0.806269
2016-02-22,0.798531,0.801,0.774935,0.775679
2016-02-29,0.774997,0.79867,0.773917,0.79723
2016-03-07,0.796798,0.811622,0.79223,0.808541
2016-03-14,0.807968,0.821275,0.794891,0.818944
2016-03-21,0.816692,0.818587,0.792021,0.796286
2016-03-28,0.795925,0.816347,0.79557,0.802898
2016-04-04,0.802791,0.808584,0.791071,0.797578
2016-04-11,0.797267,0.810411,0.79341,0.799356
2016-04-18,0.799395,0.814725,0.795713,0.811816
2016-04-25,0.815328,0.829708,0.811974,0.826145
2016-05-02,0.824675,0.835342,0.814918,0.815416
2016-05-09,0.81476,0.821408,0.810651,0.811244
2016-05-16,0.81099,0.827921,0.810199,0.81843
2016-05-23,0.818899,0.834473,0.815409,0.827306
2016-05-30,0.826728,0.833703,0.814568,0.821686
2016-06-06,0.818787,0.830213,0.802465,0.806495
2016-06-13,0.807394,0.812162,0.790982,0.809858
2016-06-20,0.816119,0.850702,0.74918,0.773741
2016-06-27,0.760288,0.77089,0.743108,0.754519
2016-07-04,0.754274,0.759925,0.733787,0.742364
2016-07-11,0.742594,0.769705,0.737287,0.752142
2016-07-18,0.753393,0.761009,0.746478,0.750605
2016-07-25,0.75266,0.7651,0.747581,0.760562
2016-08-01,0.761442,0.76877,0.748617,0.751049
2016-08-08,0.751756,0.757336,0.744863,0.747075
2016-08-15,0.747295,0.767751,0.744125,0.761183
2016-08-22,0.759937,0.778731,0.758953,0.769928
2016-08-29,0.768773,0.791677,0.765835,0.787971
2016-09-05,0.788043,0.801188,0.787865,0.790671
2016-09-12,0.790909,0.795804,0.768014,0.76812
2016-09-19,0.768315,0.78067,0.765236,0.770978
2016-09-26,0.771275,0.784377,0.768491,0.779205
2016-10-03,0.775841,0.777686,0.718272,0.749954
2016-10-10,0.747957,0.750805,0.729362,0.737347
2016-10-17,0.735858,0.749364,0.734689,0.742954
2016-10-24,0.742219,0.751874,0.734143,0.746562
2016-10-31,0.746072,0.772526,0.744025,0.769942
2016-11-07,0.766066,0.78422,0.760468,0.779362
2016-11-14,0.777623,0.779183,0.76486,0.767434
2016-11-21,0.767496,0.780982,0.765512,0.779645
2016-11-28,0.779138,0.811862,0.774163,0.810862
2016-12-05,0.808032,0.818772,0.804704,0.810207
2016-12-12,0.81031,0.820293,0.792999,0.799823
2016-12-19,0.799752,0.814993,0.78893,0.807594
2016-12-26,0.807594,0.913682,0.805127,0.909396
2017-01-02,0.909396,0.917542,0.899727,0.906273
2017-01-09,0.903926,0.918108,0.89352,0.908835
2017-01-16,0.894552,0.940725,0.893493,0.937468
2017-01-23,0.937634,0.969203,0.937149,0.959216
2017-01-30,0.96213,0.983297,0.949198,0.965722
2017-02-06,0.966202,0.983686,0.955468,0.975844
2017-02-13,0.975844,0.982298,0.97127,0.973011
2017-02-20,0.97294,0.990386,0.972674,0.981325
2017-02-27,0.982507,0.984682,0.969583,0.975878
2017-03-06,0.975212,0.976394,0.965987,0.968741
2017-03-13,0.96812,0.990994,0.964385,0.989892
2017-03-20,0.989005,1.001899,0.985386,0.997189
2017-03-27,0.998453,1.018665,0.994671,1.017846
2017-04-03,1.017489,1.018592,1.005459,1.005833
2017-04-10,1.00615,1.02425,1.005451,1.019901
2017-04-17,1.020308,1.050982,1.019151,1.044655
2017-04-24,1.047257,1.064182,1.041873,1.062516
2017-05-01,1.060784,1.066181,1.053486,1.06559
2017-05-08,1.065771,1.067535,1.05574,1.058847
2017-05-15,1.05869,1.078697,1.057367,1.07749
2017-05-22,1.073993,1.080767,1.060919,1.06346
2017-05-29,1.063003,1.07632,1.062488,1.073679
2017-06-05,1.070922,1.083787,1.055209,1.063986
2017-06-12,1.061707,1.066392,1.052813,1.059898
2017-06-19,1.058521,1.064596,1.045521,1.062441
2017-06-26,1.063727,1.092127,1.061421,1.091775
2017-07-03,1.089831,1.099725,1.082237,1.091271
2017-07-10,1.09078,1.107695,1.082177,1.106656
2017-07-17,1.106301,1.108734,1.090363,1.095472
2017-07-24,1.095269,1.117786,1.095017,1.115391
2017-07-31,1.114601,1.129211,1.108436,1.109245
2017-08-07,1.10939,1.111432,1.1012,1.107089
2017-08-14,1.106944,1.108212,1.093251,1.096915
2017-08-21,1.095832,1.103208,1.091827,1.10213
2017-08-28,1.10617,1.113845,1.101597,1.10998
2017-09-04,1.110854,1.132313,1.106431,1.129231
2017-09-11,1.128528,1.156594,1.116655,1.153757
2017-09-18,1.151617,1.166494,1.143692,1.152298
2017-09-25,1.151982,1.159097,1.14097,1.145451
2017-10-02,1.143185,1.146067,1.114023,1.117204
2017-10-09,1.119675,1.144602,1.118119,1.139487
2017-10-16,1.141701,1.142353,1.121157,1.129535
2017-10-23,1.129098,1.143459,1.123324,1.130086
2017-10-30,1.12957,1.149671,1.125333,1.128509
2017-11-06,1.127759,1.141797,1.127016,1.138362
2017-11-13,1.135798,1.14389,1.127306,1.139887
2017-11-20,1.14006,1.153581,1.137437,1.151733
2017-11-27,1.150179,1.175553,1.141579,1.168821
2017-12-04,1.165463,1.175134,1.157707,1.163052
2017-12-11,1.162835,1.18131,1.156229,1.168334
2017-12-18,1.167782,1.183461,1.167703,1.177958
2017-12-25,1.177958,1.252255,1.177033,1.248501
2018-01-01,1.248501,1.260176,1.248501,1.255631
2018-01-08,1.254918,1.271817,1.245388,1.270262
2018-01-15,1.270318,1.293356,1.269975,1.284379
2018-01-22,1.288246,1.335826,1.285186,1.318804
2018-01-29,1.316299,1.338148,1.301773,1.323275
2018-02-05,1.321466,1.326199,1.292325,1.297902
2018-02-12,1.296634,1.332677,1.295282,1.322115
2018-02-19,1.320325,1.333845,1.312534,1.330065
2018-02-26,1.331598,1.35945,1.319411,1.34807
2018-03-05,1.347991,1.36074,1.344807,1.351899
2018-03-12,1.352074,1.366053,1.351089,1.357648
2018-03-19,1.356752,1.382701,1.354542,1.374212
2018-03-26,1.374358,1.385278,1.365358,1.36682
2018-04-02,1.367141,1.376434,1.362812,1.374688
2018-04-09,1.374893,1.396328,1.373819,1.390419
2018-04-16,1.390419,1.404161,1.366715,1.366832
2018-04-23,1.366637,1.37074,1.346181,1.348923
2018-04-30,1.348404,1.350598,1.325049,1.32894
2018-05-07,1.329599,1.337388,1.321901,1.329581
2018-05-14,1.329993,1.340784,1.321027,1.329718
2018-05-21,1.330004,1.333117,1.313754,1.313793
2018-05-28,1.315503,1.323581,1.304919,1.32161
2018-06-04,1.321442,1.337249,1.316935,1.330906
2018-06-11,1.331005,1.334162,1.307955,1.314271
2018-06-18,1.312885,1.321278,1.300151,1.315631
2018-06-25,1.314837,1.319005,1.298039,1.313327
2018-07-02,1.311328,1.327128,1.302604,1.326669
2018-07-09,1.329874,1.334368,1.308269,1.321329
2018-07-16,1.32069,1.32725,1.294188,1.311107
2018-07-23,1.310698,1.323771,1.305594,1.313172
2018-07-30,1.313883,1.323822,1.306791,1.309057
2018-08-06,1.309057,1.309873,1.281075,1.285465
2018-08-13,1.28319,1.296475,1.279223,1.295733
2018-08-20,1.295275,1.315147,1.293964,1.305885
2018-08-27,1.305143,1.329223,1.304208,1.319806
2018-09-03,1.31576,1.331227,1.305468,1.319517
2018-09-10,1.320406,1.343173,1.3178,1.335212
2018-09-17,1.335376,1.360149,1.335193,1.337443
2018-09-24,1.337995,1.357076,1.334765,1.337712
2018-10-01,1.338636,1.353816,1.328677,1.35264
2018-10-08,1.353682,1.366039,1.343995,1.354571
2018-10-15,1.348028,1.363834,1.341844,1.347083
2018-10-22,1.347898,1.349981,1.318867,1.323925
2018-10-29,1.323419,1.35726,1.310496,1.348996
2018-11-05,1.355397,1.369861,1.347339,1.348826
2018-11-12,1.342816,1.356593,1.311883,1.322039
2018-11-19,1.324277,1.346697,1.317348,1.334175
2018-11-26,1.33578,1.341427,1.325623,1.330831
2018-12-03,1.332596,1.341418,1.321436,1.332801
2018-12-10,1.330099,1.335942,1.306688,1.319834
2018-12-17,1.321491,1.334253,1.318513,1.325581
2018-12-24,1.327701,1.337776,1.326589,1.335504
2018-12-31,1.312854,1.326634,1.285109,1.321275
2019-01-07,1.3217,1.336793,1.319758,1.333572
2019-01-14,1.335245,1.356618,1.316231,1.342959
2019-01-21,1.342949,1.380115,1.338827,1.377974
2019-01-28,1.376471,1.379478,1.363189,1.367677
2019-02-04,1.366453,1.37071,1.349341,1.357865
2019-02-11,1.356616,1.366664,1.347053,1.358839
2019-02-18,1.361402,1.399114,1.359556,1.393191
2019-02-25,1.394931,1.426869,1.392828,1.411265
2019-03-04,1.415455,1.41662,1.390543,1.392973
2019-03-11,1.388103,1.435653,1.387386,1.425471
2019-03-18,1.426361,1.428185,1.394267,1.415797
2019-03-25,1.416912,1.425759,1.394341,1.400519
2019-04-01,1.400895,1.427328,1.397822,1.409546
2019-04-08,1.410358,1.419563,1.408497,1.412224
2019-04-15,1.41378,1.418104,1.403889,1.405414
2019-04-22,1.405879,1.408324,1.393189,1.397986
2019-04-29,1.399167,1.441084,1.397445,1.440559
2019-05-06,1.437705,1.440428,1.407932,1.411482
2019-05-13,1.411482,1.415912,1.390064,1.390556
2019-05-20,1.392481,1.401362,1.382414,1.394006
2019-05-27,1.395563,1.398075,1.380935,1.388841
2019-06-03,1.388313,1.40537,1.386597,1.401967
2019-06-10,1.401626,1.402408,1.381718,1.382663
2019-06-17,1.381147,1.403138,1.373569,1.402478
2019-06-24,1.40163,1.408067,1.394916,1.403644
2019-07-01,1.403832,1.40485,1.38392,1.388654
2019-07-08,1.388843,1.39515,1.379285,1.394451
2019-07-15,1.394307,1.395039,1.374065,1.386904
2019-07-22,1.387181,1.39503,1.378015,1.379222
2019-07-29,1.378609,1.379534,1.350056,1.364013
2019-08-05,1.36454,1.369847,1.348876,1.348876
2019-08-12,1.351602,1.359797,1.345156,1.356034
2019-08-19,1.357229,1.380724,1.347356,1.379511
2019-08-26,1.377444,1.382543,1.364242,1.366624
2019-09-02,1.365197,1.387977,1.343934,1.380607
2019-09-09,1.378315,1.393832,1.369131,1.392784
2019-09-16,1.391982,1.396351,1.359117,1.362549
2019-09-23,1.362057,1.366253,1.334523,1.335969
2019-09-30,1.336774,1.342734,1.298507,1.309542
2019-10-07,1.306345,1.34752,1.29349,1.340861
2019-10-14,1.339705,1.372152,1.327244,1.370472
2019-10-21,1.36781,1.37455,1.351093,1.354611
2019-10-28,1.353375,1.36337,1.341642,1.350844
2019-11-04,1.349998,1.351837,1.32724,1.327656
2019-11-11,1.330015,1.34069,1.327623,1.335544
2019-11-18,1.338009,1.34529,1.330043,1.330676
2019-11-25,1.333352,1.339254,1.322607,1.332918
2019-12-02,1.331,1.353973,1.329711,1.350415
2019-12-09,1.350662,1.37635,1.329025,1.357347
2019-12-16,1.358111,1.36691,1.305257,1.306674
2019-12-23,1.306121,1.309497,1.289723,1.304964
2019-12-30,1.306012,1.390818,1.303746,1.36104
2020-01-06,1.362279,1.379302,1.360207,1.36751
2020-01-13,1.365184,1.366242,1.34773,1.350481
2020-01-20,1.348301,1.378592,1.345384,1.36866
2020-01-27,1.368807,1.380522,1.356584,1.380021
2020-02-03,1.377407,1.378139,1.341918,1.342334
2020-02-10,1.343001,1.355857,1.340834,1.353606
2020-02-17,1.352091,1.354802,1.336649,1.347936
2020-02-24,1.346646,1.356611,1.32717,1.337317
2020-03-02,1.333135,1.340196,1.304662,1.332748
2020-03-09,1.335853,1.348614,1.228195,1.229998
2020-03-16,1.228696,1.244625,1.061117,1.084265
2020-03-23,1.085288,1.09735,0.972709,1.040466
2020-03-30,1.037841,1.042438,0.952955,0.957468
2020-04-06,0.953619,0.966923,0.947889,0.961589
2020-04-13,0.960324,0.975636,0.938809,0.945626
2020-04-20,0.945604,0.945838,0.926724,0.939537
2020-04-27,0.939544,0.983389,0.93943,0.971271
2020-05-04,0.971006,0.986526,0.964877,0.981256
2020-05-11,0.980852,0.984176,0.948487,0.94855
2020-05-18,0.946982,0.971163,0.946598,0.961173
2020-05-25,0.96205,0.987886,0.961402,0.984012
2020-06-01,0.981987,1.018833,0.981979,1.013407
2020-06-08,1.014615,1.041781,1.009734,1.01917
2020-06-15,1.017121,1.048042,1.012585,1.027512
2020-06-22,1.027728,1.058075,1.026945,1.040089
2020-06-29,1.040478,1.082758,1.033526,1.078575
2020-07-06,1.076726,1.120023,1.076458,1.11501
2020-07-13,1.114966,1.11974,1.103252,1.111343
2020-07-20,1.111503,1.135473,1.107345,1.134302
2020-07-27,1.134267,1.179276,1.133087,1.170931
2020-08-03,1.171065,1.194814,1.162371,1.182346
2020-08-10,1.182527,1.196684,1.1797,1.19083
2020-08-17,1.192032,1.206409,1.187279,1.18967
2020-08-24,1.189197,1.22544,1.186779,1.224642
2020-08-31,1.223293,1.237055,1.214061,1.223349
2020-09-07,1.220317,1.2224,1.164122,1.166977
2020-09-14,1.166977,1.1791,1.162202,1.166556
2020-09-21,1.166565,1.171399,1.148272,1.154221
2020-09-28,1.156912,1.197352,1.1552,1.192739
2020-10-05,1.192859,1.203434,1.184574,1.202761
2020-10-12,1.201027,1.206532,1.171122,1.175939
2020-10-19,1.173717,1.196555,1.17369,1.184124
2020-10-26,1.185486,1.198908,1.179829,1.188042
2020-11-02,1.185766,1.210894,1.179608,1.207824
2020-11-09,1.209056,1.223788,1.204622,1.212601
2020-11-16,1.211039,1.220028,1.208039,1.21605
2020-11-23,1.216581,1.234269,1.214264,1.225748
2020-11-30,1.22794,1.250382,1.225711,1.240159
2020-12-07,1.238349,1.243333,1.211619,1.219312
2020-12-14,1.231968,1.24517,1.225068,1.235702
2020-12-21,1.224242,1.237792,1.205224,1.229757
2020-12-28,1.230939,1.300903,1.220496,1.298032
2021-01-04,1.297081,1.30887,1.287139,1.297708
2021-01-11,1.297708,1.316033,1.287751,1.303104
2021-01-18,1.304419,1.308873,1.292648,1.297402
2021-01-25,1.297659,1.317107,1.291415,1.310444
2021-02-01,1.311851,1.326011,1.302977,1.324815
2021-02-08,1.323406,1.333741,1.320221,1.331595
2021-02-15,1.331854,1.341847,1.313373,1.32947
2021-02-22,1.330591,1.347455,1.314046,1.317442
2021-03-01,1.317915,1.338741,1.311292,1.320919
2021-03-08,1.319124,1.335865,1.317987,1.32689
2021-03-15,1.326928,1.330591,1.304583,1.307281
2021-03-22,1.304923,1.308979,1.284521,1.294979
2021-03-29,1.295787,1.303494,1.287903,1.300238
2021-04-05,1.300483,1.309751,1.287771,1.290842
2021-04-12,1.290908,1.298797,1.286975,1.297906
2021-04-19,1.297343,1.314467,1.295776,1.303763
2021-04-26,1.303068,1.331258,1.302081,1.315952
2021-05-03,1.315609,1.333193,1.314533,1.331289
2021-05-10,1.333126,1.350161,1.331956,1.344017
2021-05-17,1.344532,1.356581,1.332235,1.336137
2021-05-24,1.33712,1.352611,1.333397,1.348929
2021-05-31,1.348501,1.355588,1.338506,1.34495
2021-06-07,1.344361,1.351483,1.340425,1.344073
2021-06-14,1.343501,1.345739,1.296641,1.297252
2021-06-21,1.297252,1.312821,1.296133,1.298807
2021-06-28,1.298807,1.309275,1.293535,1.304717
2021-07-05,1.304783,1.312345,1.297128,1.312326
2021-07-12,1.311306,1.313015,1.283052,1.283052
2021-07-19,1.284563,1.284758,1.264632,1.278719
2021-07-26,1.279687,1.302465,1.278198,1.295106
2021-08-02,1.29478,1.298311,1.288196,1.288558
2021-08-09,1.288949,1.291281,1.279867,1.286661
2021-08-16,1.286661,1.288006,1.25416,1.255829
2021-08-23,1.255607,1.277128,1.254602,1.27495
2021-08-30,1.274376,1.288367,1.272782,1.284128
2021-09-06,1.285065,1.293411,1.276876,1.287432
2021-09-13,1.287432,1.295711,1.2647,1.2654
2021-09-20,1.266119,1.267308,1.252744,1.257991
2021-09-27,1.257872,1.263781,1.244579,1.257408
2021-10-04,1.258838,1.275717,1.256331,1.271336
2021-10-11,1.271785,1.296236,1.267339,1.293525
2021-10-18,1.293902,1.313565,1.290194,1.305608
2021-10-25,1.305153,1.348763,1.304564,1.335798
2021-11-01,1.335749,1.369731,1.3283,1.349292
2021-11-08,1.347522,1.360651,1.323415,1.329252
2021-11-15,1.329094,1.339352,1.327726,1.332256
2021-11-22,1.332791,1.333098,1.320018,1.325873
2021-11-29,1.325496,1.336016,1.311687,1.323948
2021-12-06,1.322047,1.329722,1.318012,1.328768
2021-12-13,1.325804,1.330043,1.309875,1.316071
2021-12-20,1.31618,1.332473,1.310044,1.327496
2021-12-27,1.327585,1.345837,1.281489,1.287866
2022-01-03,1.287028,1.292857,1.278177,1.291526
2022-01-10,1.29126,1.303364,1.286496,1.29597
2022-01-17,1.295904,1.297771,1.270526,1.271277
2022-01-24,1.270301,1.272402,1.253953,1.256694
2022-01-31,1.257333,1.27674,1.256544,1.267334
2022-02-07,1.268767,1.277612,1.263858,1.268641
2022-02-14,1.268791,1.272556,1.261493,1.266754
2022-02-21,1.266987,1.272164,1.233794,1.246557
2022-02-28,1.237169,1.249841,1.229749,1.23205
2022-03-07,1.230979,1.233056,1.181515,1.18244
2022-03-14,1.182069,1.19559,1.178847,1.192495
2022-03-21,1.191916,1.201292,1.187382,1.189662
2022-03-28,1.189238,1.193696,1.177965,1.187394
2022-04-04,1.185773,1.192257,1.175933,1.180716
2022-04-11,1.180535,1.187548,1.171741,1.179238
2022-04-18,1.178046,1.183654,1.159483,1.160351
2022-04-25,1.160966,1.161346,1.124827,1.139029
2022-05-02,1.139926,1.145059,1.112225,1.11738
2022-05-09,1.11883,1.124003,1.100161,1.109664
2022-05-16,1.107592,1.133389,1.1057,1.130384
2022-05-23,1.129217,1.150194,1.128565,1.146435
2022-05-30,1.146435,1.149531,1.131777,1.134557
2022-06-06,1.134503,1.144623,1.117005,1.118267
2022-06-13,1.118285,1.124859,1.083633,1.107831
2022-06-20,1.107831,1.117433,1.102357,1.1125
2022-06-27,1.1125,1.117903,1.088268,1.098936
2022-07-04,1.099954,1.105479,1.081225,1.096141
2022-07-11,1.096141,1.09697,1.071135,1.080863
2022-07-18,1.081027,1.098104,1.080517,1.092651
2022-07-25,1.094481,1.111831,1.088728,1.105039
2022-08-01,1.105039,1.11618,1.091379,1.097234
2022-08-08,1.097162,1.115731,1.095416,1.10258
2022-08-15,1.10258,1.107548,1.075532,1.078524
2022-08-22,1.078524,1.085676,1.068737,1.070578
2022-08-29,1.070095,1.072868,1.051232,1.052275
2022-09-05,1.048982,1.061602,1.037434,1.05388
2022-09-12,1.058875,1.067771,1.03056,1.03658
2022-09-19,1.03598,1.040602,0.98606,0.987544
2022-09-26,0.982292,1.025191,0.942591,1.017992
2022-10-03,1.018402,1.057105,1.011595,1.019989
2022-10-10,1.019024,1.050936,1.00717,1.032189
2022-10-17,1.037453,1.060567,1.03274,1.054693
2022-10-24,1.063555,1.090557,1.05121,1.087589
2022-10-31,1.082747,1.089027,1.049214,1.070929
2022-11-07,1.064149,1.116053,1.063141,1.113841
2022-11-14,1.110122,1.132444,1.102355,1.122771
2022-11-21,1.123234,1.14847,1.112486,1.142138
2022-11-28,1.139417,1.168739,1.128323,1.166537
2022-12-05,1.166537,1.171891,1.149488,1.164576
2022-12-12,1.163427,1.181553,1.149219,1.151248
2022-12-19,1.152187,1.160835,1.136226,1.141371
2022-12-26,1.141371,1.148363,1.136591,1.144546
2023-01-02,1.144546,1.151739,1.126932,1.150473
2023-01-09,1.150007,1.165973,1.149836,1.163889
2023-01-16,1.162718,1.170895,1.147766,1.161114
2023-01-23,1.161207,1.165947,1.13884,1.148622
2023-01-30,1.148816,1.156325,1.122897,1.123652
2023-02-06,1.121648,1.135039,1.11527,1.12143
2023-02-13,1.122342,1.142122,1.115711,1.12736
2023-02-20,1.125862,1.13752,1.117455,1.118532
2023-02-27,1.119582,1.14063,1.116968,1.136309
2023-03-06,1.134309,1.143702,1.114328,1.135837
2023-03-13,1.140491,1.152237,1.093518,1.108323
2023-03-20,1.110991,1.118575,1.097624,1.101126
2023-03-27,1.100307,1.117398,1.100208,1.108934
2023-04-03,1.108565,1.135172,1.103987,1.125801
2023-04-10,1.125801,1.139286,1.119742,1.127109
2023-04-17,1.126246,1.135597,1.121733,1.132602
2023-04-24,1.131837,1.138574,1.108056,1.122529
2023-05-01,1.121698,1.125084,1.110995,1.122788
